sample,block,max_diff,mean_diff,rel_max
0,model.visual.blocks.0,0.009023666381835938,0.00016051065176725388,0.0005714386934414506
0,model.visual.blocks.1,0.020299911499023438,0.00027593813138082623,0.0007692151120863855
0,model.visual.blocks.2,0.033374786376953125,0.0004148808657191694,0.001068158890120685
0,model.visual.blocks.3,0.0395355224609375,0.0006217532209120691,0.001076409942470491
0,model.visual.blocks.4,0.05510711669921875,0.0007811856921762228,0.001372579368762672
0,model.visual.blocks.5,0.07245635986328125,0.0009178701438941061,0.0017958517419174314
0,model.visual.blocks.6,0.08292388916015625,0.0009731250465847552,0.00216001458466053
0,model.visual.blocks.7,0.09140777587890625,0.0011084374273195863,0.002128398045897484
0,model.visual.blocks.8,0.10359001159667969,0.0012408577604219317,0.0022459502797573805
0,model.visual.blocks.9,0.10898971557617188,0.0013015259755775332,0.0019342689774930477
0,model.visual.blocks.10,0.13479232788085938,0.0013400234747678041,0.002319512190297246
0,model.visual.blocks.11,0.16060256958007812,0.0013601563405245543,0.002908033085986972
0,model.visual.blocks.12,0.18938827514648438,0.0013798349536955357,0.003513627452775836
0,model.visual.blocks.13,0.22362136840820312,0.0013959085335955024,0.003939768765121698
0,model.visual.blocks.14,0.6013984680175781,0.0014399363426491618,0.009211298078298569
0,model.visual.blocks.15,8.404525756835938,0.0017837851773947477,0.016272397711873055
0,model.visual.blocks.16,9.075897216796875,0.0018645630916580558,0.014909684658050537
0,model.visual.blocks.17,381.1220703125,0.0033662838395684958,0.04918350279331207
0,model.visual.blocks.18,381.83251953125,0.0035882906522601843,0.04926999285817146
0,model.visual.blocks.19,381.804443359375,0.003650081343948841,0.04926410689949989
0,model.visual.blocks.20,381.366455078125,0.003706998424604535,0.04918770119547844
0,model.visual.blocks.21,380.559326171875,0.003999228123575449,0.04906538128852844
0,model.visual.blocks.22,382.326904296875,0.004331210162490606,0.04929105564951897
0,model.visual.blocks.23,381.428955078125,0.00517617492005229,0.04915521666407585
0,model.visual.blocks.24,380.26025390625,0.00604017311707139,0.04895293340086937
0,model.visual.blocks.25,380.558837890625,0.006625952664762735,0.04895263910293579
0,model.visual.blocks.26,382.175048828125,0.007327805273234844,0.04905714467167854
0,model.visual.blocks.27,381.72998046875,0.008183164522051811,0.04892232269048691
0,model.visual.blocks.28,381.873779296875,0.009544800966978073,0.048858676105737686
0,model.visual.blocks.29,382.760498046875,0.011138884350657463,0.04887726902961731
0,model.visual.blocks.30,382.95166015625,0.0145887965336442,0.04863812029361725
0,model.visual.blocks.31,9340.2587890625,0.05604322999715805,0.2685076892375946
0,model.language_model.layers.0,1.457068920135498,0.003226320259273052,0.031515706330537796
0,model.language_model.layers.1,1.640157699584961,0.00331138982437551,0.02704056352376938
0,model.language_model.layers.2,2.978759765625,0.0034444117918610573,0.0011695072753354907
0,model.language_model.layers.3,3.6533203125,0.0037837421987205744,0.0013158732326701283
0,model.language_model.layers.4,3.761962890625,0.004418998956680298,0.0013226610608398914
0,model.language_model.layers.5,4.06396484375,0.005290543660521507,0.0014200054574757814
0,model.language_model.layers.6,3.502197265625,0.006026276387274265,0.001221768674440682
0,model.language_model.layers.7,3.453369140625,0.006654905620962381,0.0012021977454423904
0,model.language_model.layers.8,4.7021484375,0.007523202802985907,0.0016342237358912826
0,model.language_model.layers.9,7.289149284362793,0.008071085438132286,0.0025259298272430897
0,model.language_model.layers.10,14.335979461669922,0.008505426347255707,0.004952186718583107
0,model.language_model.layers.11,15.020759582519531,0.009455597959458828,0.005186818074434996
0,model.language_model.layers.12,16.107868194580078,0.010616917163133621,0.005563866812735796
0,model.language_model.layers.13,15.448673248291016,0.01104028057307005,0.005337426904588938
0,model.language_model.layers.14,14.483474731445312,0.011357925832271576,0.005004595499485731
0,model.language_model.layers.15,15.10855484008789,0.012020604684948921,0.0052217235788702965
0,model.language_model.layers.16,16.78469467163086,0.012516208924353123,0.0057641565799713135
0,model.language_model.layers.17,15.03084945678711,0.014289850369095802,0.005150384269654751
0,model.language_model.layers.18,17.548133850097656,0.015328402630984783,0.006012693978846073
0,model.language_model.layers.19,9.033252716064453,0.016706310212612152,0.0030917711555957794
0,model.language_model.layers.20,26.043853759765625,0.017741605639457703,0.008914285339415073
0,model.language_model.layers.21,19.29153823852539,0.019782228395342827,0.006604361347854137
0,model.language_model.layers.22,28.68323516845703,0.021096592769026756,0.00982314720749855
0,model.language_model.layers.23,32.51719665527344,0.02312035858631134,0.011136610060930252
0,model.language_model.layers.24,28.303970336914062,0.02434169501066208,0.009694555774331093
0,model.language_model.layers.25,30.67676544189453,0.02597104385495186,0.01052471436560154
0,model.language_model.layers.26,33.01683807373047,0.027613187208771706,0.01133954618126154
0,model.language_model.layers.27,34.30615997314453,0.029897460713982582,0.0118032181635499
0,model.language_model.layers.28,14.333625793457031,0.03255414217710495,0.004940871149301529
0,model.language_model.layers.29,15.665840148925781,0.03602806106209755,0.005455587990581989
0,model.language_model.layers.30,33.016563415527344,0.04243789240717888,0.007440738845616579
0,model.language_model.layers.31,59.19458770751953,0.055648673325777054,0.013369424268603325
0,model.language_model.layers.32,67.71434020996094,0.07039093226194382,0.015297332778573036
0,model.language_model.layers.33,43.1046142578125,0.08443976193666458,0.009849959053099155
0,model.language_model.layers.34,54.43389892578125,0.10037469118833542,0.012797162868082523
0,model.language_model.layers.35,80.64655303955078,0.12162020057439804,0.09245139360427856
1,model.visual.blocks.0,0.009969711303710938,0.0001245493331225589,0.0006442253361456096
1,model.visual.blocks.1,0.019901275634765625,0.000253437552601099,0.0007308708736672997
1,model.visual.blocks.2,0.0305023193359375,0.0004122615500818938,0.000980251468718052
1,model.visual.blocks.3,0.0388031005859375,0.0006584494840353727,0.001068269950337708
1,model.visual.blocks.4,0.04730224609375,0.0008518128888681531,0.0012160851620137691
1,model.visual.blocks.5,0.06473922729492188,0.0010080517968162894,0.0016318027628585696
1,model.visual.blocks.6,0.0765838623046875,0.0010568733559921384,0.002020276617258787
1,model.visual.blocks.7,0.08589935302734375,0.001173700555227697,0.002025113208219409
1,model.visual.blocks.8,0.09318161010742188,0.0012899029534310102,0.0019667604938149452
1,model.visual.blocks.9,0.11257553100585938,0.0013440443435683846,0.00199237372726202
1,model.visual.blocks.10,0.10614776611328125,0.0013778747525066137,0.0018181722844019532
1,model.visual.blocks.11,0.12510299682617188,0.0014088039752095938,0.0022485677618533373
1,model.visual.blocks.12,0.12996292114257812,0.0014486857689917088,0.0024361477699130774
1,model.visual.blocks.13,0.23394775390625,0.0014833081513643265,0.003936868626624346
1,model.visual.blocks.14,0.7288169860839844,0.001555077382363379,0.010133156552910805
1,model.visual.blocks.15,17.20330810546875,0.0019539669156074524,0.04382123425602913
1,model.visual.blocks.16,26.880783081054688,0.002166160847991705,0.05821556597948074
1,model.visual.blocks.17,1627.033203125,0.006026722025126219,0.1485082060098648
1,model.visual.blocks.18,1627.79248046875,0.00667373975738883,0.14856545627117157
1,model.visual.blocks.19,1628.630859375,0.006844682153314352,0.14861789345741272
1,model.visual.blocks.20,1629.14306640625,0.006983246188610792,0.14862646162509918
1,model.visual.blocks.21,1629.51806640625,0.00734746316447854,0.14862240850925446
1,model.visual.blocks.22,1628.32470703125,0.007734612561762333,0.1484907865524292
1,model.visual.blocks.23,1628.857421875,0.009247860871255398,0.14850276708602905
1,model.visual.blocks.24,1628.7412109375,0.010226607322692871,0.14841148257255554
1,model.visual.blocks.25,1629.2392578125,0.010976849123835564,0.14836111664772034
1,model.visual.blocks.26,1628.19091796875,0.011806923896074295,0.14807891845703125
1,model.visual.blocks.27,1629.20556640625,0.012723502703011036,0.14800305664539337
1,model.visual.blocks.28,1630.45458984375,0.01396546233445406,0.14791342616081238
1,model.visual.blocks.29,1630.99658203125,0.015735002234578133,0.14774346351623535
1,model.visual.blocks.30,1631.9404296875,0.019987678155303,0.1476137638092041
1,model.visual.blocks.31,3961.30615234375,0.0737544521689415,0.12116783857345581
1,model.language_model.layers.0,1.3747174739837646,0.004633146338164806,0.030229436233639717
1,model.language_model.layers.1,1.3936834335327148,0.004731173161417246,0.023342259228229523
1,model.language_model.layers.2,2.98046875,0.004873027093708515,0.0011701789917424321
1,model.language_model.layers.3,3.655029296875,0.005172338802367449,0.001316489651799202
1,model.language_model.layers.4,3.763671875,0.005954805761575699,0.001323262695223093
1,model.language_model.layers.5,4.065673828125,0.007009865250438452,0.0014206034829840064
1,model.language_model.layers.6,3.50390625,0.007986646145582199,0.0012223656522110105
1,model.language_model.layers.7,3.7428407669067383,0.00867579597979784,0.00130297034047544
1,model.language_model.layers.8,5.379202842712402,0.009360172785818577,0.001869533909484744
1,model.language_model.layers.9,4.272705078125,0.010010270401835442,0.0014806337421759963
1,model.language_model.layers.10,5.123046875,0.010490979067981243,0.0017696941504254937
1,model.language_model.layers.11,9.465421676635742,0.011060655117034912,0.003268506610766053
1,model.language_model.layers.12,6.91650390625,0.011232507415115833,0.0023890517186373472
1,model.language_model.layers.13,7.59716796875,0.011779166758060455,0.0026247790083289146
1,model.language_model.layers.14,7.966552734375,0.012144590727984905,0.0027527506463229656
1,model.language_model.layers.15,8.597900390625,0.013083895668387413,0.0029715539421886206
1,model.language_model.layers.16,8.093505859375,0.013819443993270397,0.002779452595859766
1,model.language_model.layers.17,7.7853899002075195,0.015540042892098427,0.002667698310688138
1,model.language_model.layers.18,8.975774765014648,0.016909286379814148,0.003075462067499757
1,model.language_model.layers.19,10.42890739440918,0.0187220461666584,0.0035694579128175974
1,model.language_model.layers.20,12.757211685180664,0.020418459549546242,0.0043665384873747826
1,model.language_model.layers.21,15.533980369567871,0.023776564747095108,0.00531798368319869
1,model.language_model.layers.22,17.51498031616211,0.0265607088804245,0.005998358596116304
1,model.language_model.layers.23,19.00925636291504,0.030896484851837158,0.006510364357382059
1,model.language_model.layers.24,19.369815826416016,0.033302322030067444,0.006634471006691456
1,model.language_model.layers.25,25.529064178466797,0.0367756150662899,0.008758625015616417
1,model.language_model.layers.26,26.894683837890625,0.03973345831036568,0.009236914105713367
1,model.language_model.layers.27,22.401002883911133,0.04303948953747749,0.00770718976855278
1,model.language_model.layers.28,21.96428871154785,0.04661479592323303,0.007571202237159014
1,model.language_model.layers.29,22.685543060302734,0.05152023956179619,0.007900185883045197
1,model.language_model.layers.30,21.862537384033203,0.06086965277791023,0.004927023779600859
1,model.language_model.layers.31,22.84490203857422,0.07776711136102676,0.0051596458069980145
1,model.language_model.layers.32,35.48896026611328,0.09785778820514679,0.008017302490770817
1,model.language_model.layers.33,57.30928039550781,0.11854616552591324,0.01309590507298708
1,model.language_model.layers.34,83.39207458496094,0.13806140422821045,0.019605092704296112
1,model.language_model.layers.35,118.30343627929688,0.1649356633424759,0.13562040030956268
2,model.visual.blocks.0,0.009934425354003906,0.00013010448310524225,0.0006483293836936355
2,model.visual.blocks.1,0.019001007080078125,0.0002560951979830861,0.000707573548424989
2,model.visual.blocks.2,0.029766082763671875,0.00042567605851218104,0.000980691402219236
2,model.visual.blocks.3,0.045330047607421875,0.0007063589291647077,0.0012490901863202453
2,model.visual.blocks.4,0.04863166809082031,0.0009330484899692237,0.0012938057770952582
2,model.visual.blocks.5,0.06261825561523438,0.0011240936582908034,0.0016383322654291987
2,model.visual.blocks.6,0.07830047607421875,0.001178672886453569,0.0020570820197463036
2,model.visual.blocks.7,0.07584381103515625,0.0012987205991521478,0.0017785259988158941
2,model.visual.blocks.8,0.07986068725585938,0.0014276799047365785,0.0016842952463775873
2,model.visual.blocks.9,0.138824462890625,0.0014971186174079776,0.002547316486015916
2,model.visual.blocks.10,0.142486572265625,0.0015193714061751962,0.0025527975521981716
2,model.visual.blocks.11,0.1422576904296875,0.0015364497667178512,0.002668273402377963
2,model.visual.blocks.12,0.16369247436523438,0.0015718531794846058,0.0031828717328608036
2,model.visual.blocks.13,0.2521514892578125,0.001610778272151947,0.004711789079010487
2,model.visual.blocks.14,0.5819625854492188,0.0016896207816898823,0.0088873952627182
2,model.visual.blocks.15,13.576202392578125,0.0021708044223487377,0.02713036723434925
2,model.visual.blocks.16,15.261199951171875,0.0023548388853669167,0.02546890825033188
2,model.visual.blocks.17,1073.54638671875,0.00551936449483037,0.14071105420589447
2,model.visual.blocks.18,1073.4716796875,0.005986375268548727,0.1406879723072052
2,model.visual.blocks.19,1073.1474609375,0.00607697619125247,0.14063936471939087
2,model.visual.blocks.20,1073.530517578125,0.006173589266836643,0.14063917100429535
2,model.visual.blocks.21,1074.332763671875,0.0066216434352099895,0.14068342745304108
2,model.visual.blocks.22,1074.8876953125,0.007009704131633043,0.14074093103408813
2,model.visual.blocks.23,1075.02978515625,0.008313930593430996,0.14070215821266174
2,model.visual.blocks.24,1075.114501953125,0.009248310700058937,0.14057722687721252
2,model.visual.blocks.25,1075.26708984375,0.00986612681299448,0.14049041271209717
2,model.visual.blocks.26,1075.956298828125,0.010794229805469513,0.1402965486049652
2,model.visual.blocks.27,1076.1396484375,0.0117649482563138,0.14007708430290222
2,model.visual.blocks.28,1077.191650390625,0.01313829142600298,0.1399606466293335
2,model.visual.blocks.29,1078.05224609375,0.014801817946135998,0.13982358574867249
2,model.visual.blocks.30,1078.844970703125,0.01825052872300148,0.13953204452991486
2,model.visual.blocks.31,6569.8955078125,0.07645925134420395,0.20502988994121552
2,model.language_model.layers.0,1.2874650955200195,0.004379206337034702,0.0270229484885931
2,model.language_model.layers.1,1.6175642013549805,0.004498307593166828,0.026396477594971657
2,model.language_model.layers.2,2.978759765625,0.004658988211303949,0.0011695072753354907
2,model.language_model.layers.3,3.6533203125,0.004984073340892792,0.0013158732326701283
2,model.language_model.layers.4,3.761962890625,0.005681324750185013,0.0013226610608398914
2,model.language_model.layers.5,4.06396484375,0.006777508649975061,0.0014200054574757814
2,model.language_model.layers.6,3.502197265625,0.007721674162894487,0.001221768674440682
2,model.language_model.layers.7,3.453369140625,0.008675657212734222,0.0012021977454423904
2,model.language_model.layers.8,4.7021484375,0.009570394642651081,0.0016342237358912826
2,model.language_model.layers.9,5.662758827209473,0.01029311865568161,0.0019623320549726486
2,model.language_model.layers.10,5.598323822021484,0.011042803525924683,0.0019338716519996524
2,model.language_model.layers.11,6.05126953125,0.01242884248495102,0.0020895637571811676
2,model.language_model.layers.12,6.914794921875,0.014227095991373062,0.002388459863141179
2,model.language_model.layers.13,7.595458984375,0.015136348083615303,0.0026241871528327465
2,model.language_model.layers.14,7.96484375,0.015621872618794441,0.002752158557996154
2,model.language_model.layers.15,8.673219680786133,0.01664755679666996,0.0029975834768265486
2,model.language_model.layers.16,8.091796875,0.01719622313976288,0.002778863999992609
2,model.language_model.layers.17,7.606201171875,0.018875611945986748,0.002606297144666314
2,model.language_model.layers.18,10.402602195739746,0.020239844918251038,0.0035643484443426132
2,model.language_model.layers.19,15.167959213256836,0.022368591278791428,0.0051914700306952
2,model.language_model.layers.20,15.932464599609375,0.02428741566836834,0.005453360732644796
2,model.language_model.layers.21,15.432914733886719,0.026613568887114525,0.00528338085860014
2,model.language_model.layers.22,18.416645050048828,0.028937455266714096,0.0063071483746171
2,model.language_model.layers.23,20.33148956298828,0.03153082728385925,0.006963204126805067
2,model.language_model.layers.24,23.089635848999023,0.03341818228363991,0.007908564060926437
2,model.language_model.layers.25,23.196292877197266,0.03576280549168587,0.007958282716572285
2,model.language_model.layers.26,25.328474044799805,0.03816597908735275,0.008698998019099236
2,model.language_model.layers.27,25.342288970947266,0.040761932730674744,0.008719149976968765
2,model.language_model.layers.28,24.762527465820312,0.04464312270283699,0.008535764180123806
2,model.language_model.layers.29,25.33777618408203,0.04874410852789879,0.008823813870549202
2,model.language_model.layers.30,23.726768493652344,0.05646860599517822,0.005347155034542084
2,model.language_model.layers.31,34.87102508544922,0.07149579375982285,0.00787581317126751
2,model.language_model.layers.32,39.933837890625,0.08886518329381943,0.00902144517749548
2,model.language_model.layers.33,60.46906280517578,0.10366356372833252,0.01381795946508646
2,model.language_model.layers.34,107.08680725097656,0.12310101091861725,0.02517562173306942
2,model.language_model.layers.35,101.62081909179688,0.14900563657283783,0.11649582535028458
3,model.visual.blocks.0,0.010028839111328125,0.00012033729581162333,0.0006404347950592637
3,model.visual.blocks.1,0.019458770751953125,0.00024702714290469885,0.0007014534203335643
3,model.visual.blocks.2,0.029018402099609375,0.00042808891157619655,0.000960121804382652
3,model.visual.blocks.3,0.0411376953125,0.0007347995415329933,0.001129758427850902
3,model.visual.blocks.4,0.04633331298828125,0.0009826555615291,0.0011961968848481774
3,model.visual.blocks.5,0.055576324462890625,0.0011832508025690913,0.0013847063528373837
3,model.visual.blocks.6,0.06781387329101562,0.0012331301113590598,0.0017183374147862196
3,model.visual.blocks.7,0.0784759521484375,0.001346530276350677,0.001855730777606368
3,model.visual.blocks.8,0.1075439453125,0.0014671387616544962,0.002343442291021347
3,model.visual.blocks.9,0.13208389282226562,0.001529678120277822,0.002448000945150852
3,model.visual.blocks.10,0.166748046875,0.0015492818783968687,0.002959263976663351
3,model.visual.blocks.11,0.2422332763671875,0.0015585762448608875,0.004498864524066448
3,model.visual.blocks.12,0.3730621337890625,0.00158874096814543,0.006713909097015858
3,model.visual.blocks.13,0.6754570007324219,0.0016154772602021694,0.010798336938023567
3,model.visual.blocks.14,0.5948562622070312,0.0017003801185637712,0.007932672277092934
3,model.visual.blocks.15,14.697166442871094,0.002209619851782918,0.024118443951010704
3,model.visual.blocks.16,17.537933349609375,0.002400011057034135,0.025663631036877632
3,model.visual.blocks.17,695.100341796875,0.0046430486254394054,0.07299574464559555
3,model.visual.blocks.18,694.76611328125,0.004844109993427992,0.07295314222574234
3,model.visual.blocks.19,694.6409912109375,0.004918183200061321,0.0729227066040039
3,model.visual.blocks.20,694.930908203125,0.005036105401813984,0.07293606549501419
3,model.visual.blocks.21,694.660400390625,0.00532609224319458,0.07288413494825363
3,model.visual.blocks.22,694.36865234375,0.005615836940705776,0.07284525036811829
3,model.visual.blocks.23,694.3809814453125,0.0067163314670324326,0.07282903790473938
3,model.visual.blocks.24,695.1422119140625,0.007513872347772121,0.07286947220563889
3,model.visual.blocks.25,695.78564453125,0.008122415281832218,0.07286486774682999
3,model.visual.blocks.26,695.63818359375,0.008896999061107635,0.07271209359169006
3,model.visual.blocks.27,696.532470703125,0.009756444953382015,0.07270552217960358
3,model.visual.blocks.28,697.5625,0.011047313921153545,0.0726829543709755
3,model.visual.blocks.29,698.2449951171875,0.01253762748092413,0.07268055528402328
3,model.visual.blocks.30,700.2825927734375,0.016396988183259964,0.07277395576238632
3,model.visual.blocks.31,4175.068359375,0.06028467044234276,0.12656258046627045
3,model.language_model.layers.0,2.283304214477539,0.003911469131708145,0.05168551579117775
3,model.language_model.layers.1,2.4282779693603516,0.003987831063568592,0.042221006006002426
3,model.language_model.layers.2,2.978759765625,0.004101157188415527,0.0011695072753354907
3,model.language_model.layers.3,3.6533203125,0.004335446283221245,0.0013158732326701283
3,model.language_model.layers.4,3.761962890625,0.0049223387613892555,0.0013226610608398914
3,model.language_model.layers.5,4.06396484375,0.005602010525763035,0.0014200054574757814
3,model.language_model.layers.6,3.502197265625,0.0065944623202085495,0.001221768674440682
3,model.language_model.layers.7,3.453369140625,0.00739695830270648,0.0012021977454423904
3,model.language_model.layers.8,4.7021484375,0.008170543238520622,0.0016342237358912826
3,model.language_model.layers.9,4.27099609375,0.008823243901133537,0.001480040606111288
3,model.language_model.layers.10,5.121337890625,0.009694082662463188,0.0017691027605906129
3,model.language_model.layers.11,6.05126953125,0.011085627600550652,0.0020895637571811676
3,model.language_model.layers.12,6.914794921875,0.012173839844763279,0.002388459863141179
3,model.language_model.layers.13,7.595458984375,0.013323416002094746,0.0026241871528327465
3,model.language_model.layers.14,7.96484375,0.014383237808942795,0.002752158557996154
3,model.language_model.layers.15,8.59619140625,0.015552235767245293,0.002970961621031165
3,model.language_model.layers.16,8.091796875,0.016278883442282677,0.002778863999992609
3,model.language_model.layers.17,7.606201171875,0.01806485839188099,0.002606297144666314
3,model.language_model.layers.18,7.485595703125,0.01959606073796749,0.0025648651644587517
3,model.language_model.layers.19,7.501009941101074,0.021494470536708832,0.0025673373602330685
3,model.language_model.layers.20,8.586868286132812,0.023240894079208374,0.002939111553132534
3,model.language_model.layers.21,10.663177490234375,0.026499874889850616,0.0036504853051155806
3,model.language_model.layers.22,9.518495559692383,0.028956007212400436,0.003259798977524042
3,model.language_model.layers.23,9.469696044921875,0.03267254680395126,0.00324321654625237
3,model.language_model.layers.24,9.478522300720215,0.03516896069049835,0.0032465432304888964
3,model.language_model.layers.25,12.071575164794922,0.039205241948366165,0.004141567274928093
3,model.language_model.layers.26,11.719582557678223,0.04276746138930321,0.004025059752166271
3,model.language_model.layers.27,14.823123931884766,0.04768700525164604,0.005099975038319826
3,model.language_model.layers.28,13.524298667907715,0.05241838097572327,0.0046618920750916
3,model.language_model.layers.29,14.393073081970215,0.05862361565232277,0.005012350156903267
3,model.language_model.layers.30,22.552406311035156,0.06961926072835922,0.00508249644190073
3,model.language_model.layers.31,27.903793334960938,0.08640046417713165,0.00630222586914897
3,model.language_model.layers.32,37.28642272949219,0.10553225129842758,0.008423368446528912
3,model.language_model.layers.33,32.93829345703125,0.12106198817491531,0.007526824250817299
3,model.language_model.layers.34,67.06236267089844,0.14006181061267853,0.01576605625450611
3,model.language_model.layers.35,148.99520874023438,0.16463162004947662,0.17080475389957428
4,model.visual.blocks.0,0.009879112243652344,0.00015665650425944477,0.0006510683451779187
4,model.visual.blocks.1,0.019588470458984375,0.00026978662936016917,0.0007592897745780647
4,model.visual.blocks.2,0.0326690673828125,0.0004229104961268604,0.001100705354474485
4,model.visual.blocks.3,0.04052543640136719,0.0006721514509990811,0.0011241378961130977
4,model.visual.blocks.4,0.047000885009765625,0.0008669297094456851,0.0011980637209489942
4,model.visual.blocks.5,0.06490325927734375,0.0010301065631210804,0.0016109684947878122
4,model.visual.blocks.6,0.08194351196289062,0.001083585200831294,0.002115088514983654
4,model.visual.blocks.7,0.08502578735351562,0.0012013015802949667,0.00203314539976418
4,model.visual.blocks.8,0.09023857116699219,0.0013244339497759938,0.0019153059693053365
4,model.visual.blocks.9,0.11599349975585938,0.0013833845732733607,0.0021438526455312967
4,model.visual.blocks.10,0.12166213989257812,0.001420852611772716,0.0021798713132739067
4,model.visual.blocks.11,0.11063385009765625,0.0014421340310946107,0.0020655759144574404
4,model.visual.blocks.12,0.16752243041992188,0.0014664725167676806,0.0030989390797913074
4,model.visual.blocks.13,0.20806884765625,0.0014868491562083364,0.003777776611968875
4,model.visual.blocks.14,0.5530242919921875,0.0015843129949644208,0.008620159700512886
4,model.visual.blocks.15,15.68438720703125,0.0021388172172009945,0.029810817912220955
4,model.visual.blocks.16,22.41437530517578,0.002545722993090749,0.03626462072134018
4,model.visual.blocks.17,2346.661376953125,0.009455635212361813,0.32837989926338196
4,model.visual.blocks.18,2346.05517578125,0.010789060033857822,0.328266978263855
4,model.visual.blocks.19,2345.9873046875,0.011091633699834347,0.32820793986320496
4,model.visual.blocks.20,2346.124755859375,0.011310636065900326,0.3281213939189911
4,model.visual.blocks.21,2346.28466796875,0.01198815368115902,0.3280322253704071
4,model.visual.blocks.22,2346.3203125,0.012641827575862408,0.32799839973449707
4,model.visual.blocks.23,2345.626953125,0.014807061292231083,0.3277548551559448
4,model.visual.blocks.24,2344.49658203125,0.01586400717496872,0.3273453414440155
4,model.visual.blocks.25,2344.85009765625,0.01672651804983616,0.3270367980003357
4,model.visual.blocks.26,2346.60888671875,0.01783701591193676,0.32656943798065186
4,model.visual.blocks.27,2346.966796875,0.01890505850315094,0.32589444518089294
4,model.visual.blocks.28,2348.291015625,0.021133214235305786,0.3253834843635559
4,model.visual.blocks.29,2348.997314453125,0.024360457435250282,0.3248942494392395
4,model.visual.blocks.30,2352.1005859375,0.03155200928449631,0.3244875967502594
4,model.visual.blocks.31,14992.3525390625,0.14808052778244019,0.34366318583488464
4,model.language_model.layers.0,2.4547693729400635,0.00887896865606308,0.05788198485970497
4,model.language_model.layers.1,2.434312343597412,0.009022381156682968,0.04221567139029503
4,model.language_model.layers.2,2.98046875,0.009289338253438473,0.0011701789917424321
4,model.language_model.layers.3,3.655029296875,0.009854355826973915,0.001316489651799202
4,model.language_model.layers.4,3.763671875,0.011057693511247635,0.001323262695223093
4,model.language_model.layers.5,4.076996326446533,0.01282908208668232,0.001424559741280973
4,model.language_model.layers.6,4.293421745300293,0.014387296512722969,0.001497794408351183
4,model.language_model.layers.7,6.06370735168457,0.015833081677556038,0.0021109182853251696
4,model.language_model.layers.8,7.604665756225586,0.01690605841577053,0.0026429903227835894
4,model.language_model.layers.9,11.199569702148438,0.017977213487029076,0.0038810214027762413
4,model.language_model.layers.10,8.833301544189453,0.019062258303165436,0.0030513564124703407
4,model.language_model.layers.11,9.740047454833984,0.020383354276418686,0.0033633376006036997
4,model.language_model.layers.12,11.206684112548828,0.020481927320361137,0.003870936343446374
4,model.language_model.layers.13,9.230091094970703,0.02168402262032032,0.003188944887369871
4,model.language_model.layers.14,8.01568603515625,0.0225350484251976,0.0027697281911969185
4,model.language_model.layers.15,9.71858024597168,0.024454638361930847,0.0033588765654712915
4,model.language_model.layers.16,10.573905944824219,0.026126058772206306,0.003631265601143241
4,model.language_model.layers.17,9.142582893371582,0.02868052013218403,0.0031327465549111366
4,model.language_model.layers.18,11.50479507446289,0.031168151646852493,0.003942006267607212
4,model.language_model.layers.19,9.586031913757324,0.034697163850069046,0.003280970500782132
4,model.language_model.layers.20,11.434825897216797,0.038335200399160385,0.0039139119908213615
4,model.language_model.layers.21,12.706012725830078,0.04276784881949425,0.004349842201918364
4,model.language_model.layers.22,12.212844848632812,0.04680096358060837,0.004182535223662853
4,model.language_model.layers.23,13.821246147155762,0.05236975848674774,0.004733554553240538
4,model.language_model.layers.24,15.410136222839355,0.05574070289731026,0.005278217606246471
4,model.language_model.layers.25,17.889427185058594,0.060039810836315155,0.0061375838704407215
4,model.language_model.layers.26,18.248748779296875,0.06484948098659515,0.006267488468438387
4,model.language_model.layers.27,31.013076782226562,0.07023164629936218,0.010670221410691738
4,model.language_model.layers.28,17.135318756103516,0.07588915526866913,0.005906631704419851
4,model.language_model.layers.29,33.95001220703125,0.08350197225809097,0.011823009699583054
4,model.language_model.layers.30,33.138877868652344,0.09823167324066162,0.007468302268534899
4,model.language_model.layers.31,44.21199035644531,0.12211939692497253,0.00998551957309246
4,model.language_model.layers.32,59.44761657714844,0.15434563159942627,0.013429796323180199
4,model.language_model.layers.33,85.49170684814453,0.18307174742221832,0.01953595131635666
4,model.language_model.layers.34,119.47270202636719,0.2166224718093872,0.02808748371899128
4,model.language_model.layers.35,179.9998321533203,0.2622010111808777,0.2063477635383606
