module,absmax,nan,inf
model.language_model.embed_tokens,0.14453125,0,0
model.visual.patch_embed.proj,17.859375,0,0
model.visual.rotary_pos_emb,1.0,0,0
model.visual.blocks.0.norm1,7.93359375,0,0
model.visual.blocks.0.attn.qkv,7.125,0,0
model.visual.blocks.0.attn.proj,10.1953125,0,0
model.visual.blocks.0.norm2,7.64453125,0,0
model.visual.blocks.0.mlp.gate_proj,12.6484375,0,0
model.visual.blocks.0.mlp.act_fn,11.484375,0,0
model.visual.blocks.0.mlp.up_proj,12.21875,0,0
model.visual.blocks.0.mlp.down_proj,33.96875,0,0
model.visual.blocks.1.norm1,12.5,0,0
model.visual.blocks.1.attn.qkv,7.921875,0,0
model.visual.blocks.1.attn.proj,3.748046875,0,0
model.visual.blocks.1.norm2,19.984375,0,0
model.visual.blocks.1.mlp.gate_proj,10.0625,0,0
model.visual.blocks.1.mlp.act_fn,6.1015625,0,0
model.visual.blocks.1.mlp.up_proj,8.046875,0,0
model.visual.blocks.1.mlp.down_proj,12.4453125,0,0
model.visual.blocks.2.norm1,13.03125,0,0
model.visual.blocks.2.attn.qkv,10.515625,0,0
model.visual.blocks.2.attn.proj,3.03125,0,0
model.visual.blocks.2.norm2,11.3515625,0,0
model.visual.blocks.2.mlp.gate_proj,8.1015625,0,0
model.visual.blocks.2.mlp.act_fn,8.1015625,0,0
model.visual.blocks.2.mlp.up_proj,9.859375,0,0
model.visual.blocks.2.mlp.down_proj,10.3125,0,0
model.visual.blocks.3.norm1,20.453125,0,0
model.visual.blocks.3.attn.qkv,12.3984375,0,0
model.visual.blocks.3.attn.proj,3.4140625,0,0
model.visual.blocks.3.norm2,12.4296875,0,0
model.visual.blocks.3.mlp.gate_proj,9.234375,0,0
model.visual.blocks.3.mlp.act_fn,9.234375,0,0
model.visual.blocks.3.mlp.up_proj,8.5859375,0,0
model.visual.blocks.3.mlp.down_proj,8.828125,0,0
model.visual.blocks.4.norm1,26.890625,0,0
model.visual.blocks.4.attn.qkv,14.5703125,0,0
model.visual.blocks.4.attn.proj,5.12890625,0,0
model.visual.blocks.4.norm2,10.5859375,0,0
model.visual.blocks.4.mlp.gate_proj,9.953125,0,0
model.visual.blocks.4.mlp.act_fn,9.953125,0,0
model.visual.blocks.4.mlp.up_proj,9.7578125,0,0
model.visual.blocks.4.mlp.down_proj,6.23046875,0,0
model.visual.blocks.5.norm1,22.71875,0,0
model.visual.blocks.5.attn.qkv,14.15625,0,0
model.visual.blocks.5.attn.proj,2.26171875,0,0
model.visual.blocks.5.norm2,9.7578125,0,0
model.visual.blocks.5.mlp.gate_proj,11.078125,0,0
model.visual.blocks.5.mlp.act_fn,11.078125,0,0
model.visual.blocks.5.mlp.up_proj,9.0703125,0,0
model.visual.blocks.5.mlp.down_proj,7.58984375,0,0
model.visual.blocks.6.norm1,18.46875,0,0
model.visual.blocks.6.attn.qkv,9.65625,0,0
model.visual.blocks.6.attn.proj,2.25390625,0,0
model.visual.blocks.6.norm2,8.5234375,0,0
model.visual.blocks.6.mlp.gate_proj,9.890625,0,0
model.visual.blocks.6.mlp.act_fn,9.890625,0,0
model.visual.blocks.6.mlp.up_proj,7.94140625,0,0
model.visual.blocks.6.mlp.down_proj,10.3828125,0,0
model.visual.blocks.7.norm1,29.03125,0,0
model.visual.blocks.7.attn.qkv,14.71875,0,0
model.visual.blocks.7.attn.proj,4.70703125,0,0
model.visual.blocks.7.norm2,11.6484375,0,0
model.visual.blocks.7.mlp.gate_proj,8.203125,0,0
model.visual.blocks.7.mlp.act_fn,8.1171875,0,0
model.visual.blocks.7.mlp.up_proj,9.21875,0,0
model.visual.blocks.7.mlp.down_proj,9.265625,0,0
model.visual.blocks.8.norm1,24.0,0,0
model.visual.blocks.8.attn.qkv,12.046875,0,0
model.visual.blocks.8.attn.proj,4.11328125,0,0
model.visual.blocks.8.norm2,12.65625,0,0
model.visual.blocks.8.mlp.gate_proj,7.78515625,0,0
model.visual.blocks.8.mlp.act_fn,7.78125,0,0
model.visual.blocks.8.mlp.up_proj,7.76171875,0,0
model.visual.blocks.8.mlp.down_proj,11.03125,0,0
model.visual.blocks.9.norm1,17.953125,0,0
model.visual.blocks.9.attn.qkv,12.8125,0,0
model.visual.blocks.9.attn.proj,4.859375,0,0
model.visual.blocks.9.norm2,12.7109375,0,0
model.visual.blocks.9.mlp.gate_proj,8.7734375,0,0
model.visual.blocks.9.mlp.act_fn,8.7734375,0,0
model.visual.blocks.9.mlp.up_proj,8.828125,0,0
model.visual.blocks.9.mlp.down_proj,12.21875,0,0
model.visual.blocks.10.norm1,15.4140625,0,0
model.visual.blocks.10.attn.qkv,14.53125,0,0
model.visual.blocks.10.attn.proj,3.328125,0,0
model.visual.blocks.10.norm2,12.75,0,0
model.visual.blocks.10.mlp.gate_proj,7.0703125,0,0
model.visual.blocks.10.mlp.act_fn,7.0625,0,0
model.visual.blocks.10.mlp.up_proj,7.80859375,0,0
model.visual.blocks.10.mlp.down_proj,6.11328125,0,0
model.visual.blocks.11.norm1,16.71875,0,0
model.visual.blocks.11.attn.qkv,15.125,0,0
model.visual.blocks.11.attn.proj,3.380859375,0,0
model.visual.blocks.11.norm2,12.796875,0,0
model.visual.blocks.11.mlp.gate_proj,8.4140625,0,0
model.visual.blocks.11.mlp.act_fn,8.4140625,0,0
model.visual.blocks.11.mlp.up_proj,7.35546875,0,0
model.visual.blocks.11.mlp.down_proj,5.37109375,0,0
model.visual.blocks.12.norm1,16.625,0,0
model.visual.blocks.12.attn.qkv,15.8828125,0,0
model.visual.blocks.12.attn.proj,3.208984375,0,0
model.visual.blocks.12.norm2,15.171875,0,0
model.visual.blocks.12.mlp.gate_proj,8.9296875,0,0
model.visual.blocks.12.mlp.act_fn,8.9296875,0,0
model.visual.blocks.12.mlp.up_proj,9.8828125,0,0
model.visual.blocks.12.mlp.down_proj,18.625,0,0
model.visual.blocks.13.norm1,14.625,0,0
model.visual.blocks.13.attn.qkv,16.6875,0,0
model.visual.blocks.13.attn.proj,4.22265625,0,0
model.visual.blocks.13.norm2,17.296875,0,0
model.visual.blocks.13.mlp.gate_proj,8.8984375,0,0
model.visual.blocks.13.mlp.act_fn,8.8984375,0,0
model.visual.blocks.13.mlp.up_proj,22.390625,0,0
model.visual.blocks.13.mlp.down_proj,18.140625,0,0
model.visual.blocks.14.norm1,16.71875,0,0
model.visual.blocks.14.attn.qkv,14.046875,0,0
model.visual.blocks.14.attn.proj,7.01171875,0,0
model.visual.blocks.14.norm2,15.4453125,0,0
model.visual.blocks.14.mlp.gate_proj,11.4765625,0,0
model.visual.blocks.14.mlp.act_fn,11.4765625,0,0
model.visual.blocks.14.mlp.up_proj,9.2109375,0,0
model.visual.blocks.14.mlp.down_proj,39.71875,0,0
model.visual.blocks.15.norm1,18.0,0,0
model.visual.blocks.15.attn.qkv,14.4609375,0,0
model.visual.blocks.15.attn.proj,6.2109375,0,0
model.visual.blocks.15.norm2,14.203125,0,0
model.visual.blocks.15.mlp.gate_proj,19.96875,0,0
model.visual.blocks.15.mlp.act_fn,19.96875,0,0
model.visual.blocks.15.mlp.up_proj,59.3125,0,0
model.visual.blocks.15.mlp.down_proj,823.5,0,0
model.visual.blocks.16.norm1,18.421875,0,0
model.visual.blocks.16.attn.qkv,13.953125,0,0
model.visual.blocks.16.attn.proj,11.5859375,0,0
model.visual.blocks.16.norm2,16.40625,0,0
model.visual.blocks.16.mlp.gate_proj,13.6796875,0,0
model.visual.blocks.16.mlp.act_fn,13.2890625,0,0
model.visual.blocks.16.mlp.up_proj,39.09375,0,0
model.visual.blocks.16.mlp.down_proj,411.25,0,0
model.visual.blocks.17.norm1,18.5625,0,0
model.visual.blocks.17.attn.qkv,12.328125,0,0
model.visual.blocks.17.attn.proj,24.53125,0,0
model.visual.blocks.17.norm2,18.015625,0,0
model.visual.blocks.17.mlp.gate_proj,86.9375,0,0
model.visual.blocks.17.mlp.act_fn,63.3125,0,0
model.visual.blocks.17.mlp.up_proj,227.125,0,0
model.visual.blocks.17.mlp.down_proj,13848.0,0,0
model.visual.blocks.18.norm1,23.40625,0,0
model.visual.blocks.18.attn.qkv,13.8203125,0,0
model.visual.blocks.18.attn.proj,5.74609375,0,0
model.visual.blocks.18.norm2,13.2421875,0,0
model.visual.blocks.18.mlp.gate_proj,9.8671875,0,0
model.visual.blocks.18.mlp.act_fn,9.8671875,0,0
model.visual.blocks.18.mlp.up_proj,11.0859375,0,0
model.visual.blocks.18.mlp.down_proj,9.3203125,0,0
model.visual.blocks.19.norm1,23.828125,0,0
model.visual.blocks.19.attn.qkv,13.4296875,0,0
model.visual.blocks.19.attn.proj,6.49609375,0,0
model.visual.blocks.19.norm2,12.0625,0,0
model.visual.blocks.19.mlp.gate_proj,12.640625,0,0
model.visual.blocks.19.mlp.act_fn,12.640625,0,0
model.visual.blocks.19.mlp.up_proj,10.9453125,0,0
model.visual.blocks.19.mlp.down_proj,9.3359375,0,0
model.visual.blocks.20.norm1,24.1875,0,0
model.visual.blocks.20.attn.qkv,13.34375,0,0
model.visual.blocks.20.attn.proj,7.33203125,0,0
model.visual.blocks.20.norm2,11.2578125,0,0
model.visual.blocks.20.mlp.gate_proj,10.796875,0,0
model.visual.blocks.20.mlp.act_fn,10.796875,0,0
model.visual.blocks.20.mlp.up_proj,10.5390625,0,0
model.visual.blocks.20.mlp.down_proj,13.5,0,0
model.visual.blocks.21.norm1,23.359375,0,0
model.visual.blocks.21.attn.qkv,18.25,0,0
model.visual.blocks.21.attn.proj,6.14453125,0,0
model.visual.blocks.21.norm2,12.7578125,0,0
model.visual.blocks.21.mlp.gate_proj,14.078125,0,0
model.visual.blocks.21.mlp.act_fn,14.078125,0,0
model.visual.blocks.21.mlp.up_proj,12.921875,0,0
model.visual.blocks.21.mlp.down_proj,16.09375,0,0
model.visual.blocks.22.norm1,25.4375,0,0
model.visual.blocks.22.attn.qkv,14.0234375,0,0
model.visual.blocks.22.attn.proj,6.296875,0,0
model.visual.blocks.22.norm2,14.140625,0,0
model.visual.blocks.22.mlp.gate_proj,15.2578125,0,0
model.visual.blocks.22.mlp.act_fn,15.2578125,0,0
model.visual.blocks.22.mlp.up_proj,11.796875,0,0
model.visual.blocks.22.mlp.down_proj,13.1640625,0,0
model.visual.blocks.23.norm1,28.578125,0,0
model.visual.blocks.23.attn.qkv,16.21875,0,0
model.visual.blocks.23.attn.proj,14.1796875,0,0
model.visual.blocks.23.norm2,12.7734375,0,0
model.visual.blocks.23.mlp.gate_proj,15.734375,0,0
model.visual.blocks.23.mlp.act_fn,15.734375,0,0
model.visual.blocks.23.mlp.up_proj,16.421875,0,0
model.visual.blocks.23.mlp.down_proj,23.34375,0,0
model.visual.blocks.24.norm1,23.953125,0,0
model.visual.blocks.24.attn.qkv,13.9375,0,0
model.visual.blocks.24.attn.proj,16.015625,0,0
model.visual.blocks.24.norm2,14.7109375,0,0
model.visual.blocks.24.mlp.gate_proj,16.015625,0,0
model.visual.blocks.24.mlp.act_fn,16.015625,0,0
model.visual.blocks.24.mlp.up_proj,14.9921875,0,0
model.visual.blocks.24.mlp.down_proj,21.140625,0,0
model.visual.blocks.25.norm1,27.28125,0,0
model.visual.blocks.25.attn.qkv,11.0,0,0
model.visual.blocks.25.attn.proj,19.828125,0,0
model.visual.blocks.25.norm2,18.25,0,0
model.visual.blocks.25.mlp.gate_proj,15.6171875,0,0
model.visual.blocks.25.mlp.act_fn,15.6171875,0,0
model.visual.blocks.25.mlp.up_proj,15.15625,0,0
model.visual.blocks.25.mlp.down_proj,22.109375,0,0
model.visual.blocks.26.norm1,27.703125,0,0
model.visual.blocks.26.attn.qkv,13.7890625,0,0
model.visual.blocks.26.attn.proj,28.109375,0,0
model.visual.blocks.26.norm2,20.671875,0,0
model.visual.blocks.26.mlp.gate_proj,14.484375,0,0
model.visual.blocks.26.mlp.act_fn,14.484375,0,0
model.visual.blocks.26.mlp.up_proj,16.234375,0,0
model.visual.blocks.26.mlp.down_proj,27.25,0,0
model.visual.blocks.27.norm1,30.65625,0,0
model.visual.blocks.27.attn.qkv,11.8671875,0,0
model.visual.blocks.27.attn.proj,30.25,0,0
model.visual.blocks.27.norm2,25.671875,0,0
model.visual.blocks.27.mlp.gate_proj,13.8203125,0,0
model.visual.blocks.27.mlp.act_fn,13.8203125,0,0
model.visual.blocks.27.mlp.up_proj,18.765625,0,0
model.visual.blocks.27.mlp.down_proj,31.640625,0,0
model.visual.blocks.28.norm1,26.9375,0,0
model.visual.blocks.28.attn.qkv,13.953125,0,0
model.visual.blocks.28.attn.proj,34.0625,0,0
model.visual.blocks.28.norm2,30.28125,0,0
model.visual.blocks.28.mlp.gate_proj,21.0,0,0
model.visual.blocks.28.mlp.act_fn,21.0,0,0
model.visual.blocks.28.mlp.up_proj,18.4375,0,0
model.visual.blocks.28.mlp.down_proj,44.96875,0,0
model.visual.blocks.29.norm1,27.75,0,0
model.visual.blocks.29.attn.qkv,13.921875,0,0
model.visual.blocks.29.attn.proj,44.96875,0,0
model.visual.blocks.29.norm2,30.125,0,0
model.visual.blocks.29.mlp.gate_proj,19.28125,0,0
model.visual.blocks.29.mlp.act_fn,19.28125,0,0
model.visual.blocks.29.mlp.up_proj,19.109375,0,0
model.visual.blocks.29.mlp.down_proj,54.375,0,0
model.visual.blocks.30.norm1,30.84375,0,0
model.visual.blocks.30.attn.qkv,18.328125,0,0
model.visual.blocks.30.attn.proj,93.375,0,0
model.visual.blocks.30.norm2,30.171875,0,0
model.visual.blocks.30.mlp.gate_proj,18.328125,0,0
model.visual.blocks.30.mlp.act_fn,18.328125,0,0
model.visual.blocks.30.mlp.up_proj,23.421875,0,0
model.visual.blocks.30.mlp.down_proj,159.5,0,0
model.visual.blocks.31.norm1,33.84792709350586,0,0
model.visual.blocks.31.attn.qkv,30.805326461791992,0,0
model.visual.blocks.31.attn.proj,287.74456787109375,0,0
model.visual.blocks.31.norm2,31.257160186767578,0,0
model.visual.blocks.31.mlp.gate_proj,68.2315902709961,0,0
model.visual.blocks.31.mlp.act_fn,68.2315902709961,0,0
model.visual.blocks.31.mlp.up_proj,72.77127075195312,0,0
model.visual.blocks.31.mlp.down_proj,66864.5,0,0
model.visual.merger.ln_q,9.423398971557617,0,0
model.visual.merger.mlp.0,16.238147735595703,0,0
model.visual.merger.mlp.1,13.3660888671875,0,0
model.visual.merger.mlp.2,51.82691955566406,0,0
model.language_model.rotary_emb,1.0,0,0
model.language_model.layers.0.input_layernorm,16.34375,0,0
model.language_model.layers.0.self_attn.q_proj,30.5,0,0
model.language_model.layers.0.self_attn.k_proj,95.8125,0,0
model.language_model.layers.0.self_attn.v_proj,3.474609375,0,0
model.language_model.layers.0.self_attn.o_proj,5.14453125,0,0
model.language_model.layers.0.post_attention_layernorm,3.607421875,0,0
model.language_model.layers.0.mlp.gate_proj,7.00390625,0,0
model.language_model.layers.0.mlp.act_fn,5.94921875,0,0
model.language_model.layers.0.mlp.up_proj,5.25390625,0,0
model.language_model.layers.0.mlp.down_proj,7.9453125,0,0
model.language_model.layers.1.input_layernorm,24.515625,0,0
model.language_model.layers.1.self_attn.q_proj,11.96875,0,0
model.language_model.layers.1.self_attn.k_proj,39.78125,0,0
model.language_model.layers.1.self_attn.v_proj,2.529296875,0,0
model.language_model.layers.1.self_attn.o_proj,5.9765625,0,0
model.language_model.layers.1.post_attention_layernorm,464.0,0,0
model.language_model.layers.1.mlp.gate_proj,42.21875,0,0
model.language_model.layers.1.mlp.act_fn,5.234375,0,0
model.language_model.layers.1.mlp.up_proj,388.25,0,0
model.language_model.layers.1.mlp.down_proj,33.1875,0,0
model.language_model.layers.2.input_layernorm,17.78125,0,0
model.language_model.layers.2.self_attn.q_proj,9.484375,0,0
model.language_model.layers.2.self_attn.k_proj,19.71875,0,0
model.language_model.layers.2.self_attn.v_proj,2.46875,0,0
model.language_model.layers.2.self_attn.o_proj,3.353515625,0,0
model.language_model.layers.2.post_attention_layernorm,190.625,0,0
model.language_model.layers.2.mlp.gate_proj,44.125,0,0
model.language_model.layers.2.mlp.act_fn,44.125,0,0
model.language_model.layers.2.mlp.up_proj,131.75,0,0
model.language_model.layers.2.mlp.down_proj,2510.0,0,0
model.language_model.layers.3.input_layernorm,18.453125,0,0
model.language_model.layers.3.self_attn.q_proj,14.4765625,0,0
model.language_model.layers.3.self_attn.k_proj,12.25,0,0
model.language_model.layers.3.self_attn.v_proj,5.5234375,0,0
model.language_model.layers.3.self_attn.o_proj,3.212890625,0,0
model.language_model.layers.3.post_attention_layernorm,138.5,0,0
model.language_model.layers.3.mlp.gate_proj,22.640625,0,0
model.language_model.layers.3.mlp.act_fn,17.03125,0,0
model.language_model.layers.3.mlp.up_proj,72.75,0,0
model.language_model.layers.3.mlp.down_proj,229.625,0,0
model.language_model.layers.4.input_layernorm,17.453125,0,0
model.language_model.layers.4.self_attn.q_proj,16.90625,0,0
model.language_model.layers.4.self_attn.k_proj,10.9921875,0,0
model.language_model.layers.4.self_attn.v_proj,4.6015625,0,0
model.language_model.layers.4.self_attn.o_proj,4.86328125,0,0
model.language_model.layers.4.post_attention_layernorm,109.75,0,0
model.language_model.layers.4.mlp.gate_proj,16.5,0,0
model.language_model.layers.4.mlp.act_fn,12.3828125,0,0
model.language_model.layers.4.mlp.up_proj,37.875,0,0
model.language_model.layers.4.mlp.down_proj,68.5,0,0
model.language_model.layers.5.input_layernorm,24.203125,0,0
model.language_model.layers.5.self_attn.q_proj,26.171875,0,0
model.language_model.layers.5.self_attn.k_proj,18.28125,0,0
model.language_model.layers.5.self_attn.v_proj,6.4375,0,0
model.language_model.layers.5.self_attn.o_proj,3.8828125,0,0
model.language_model.layers.5.post_attention_layernorm,147.0,0,0
model.language_model.layers.5.mlp.gate_proj,20.171875,0,0
model.language_model.layers.5.mlp.act_fn,13.734375,0,0
model.language_model.layers.5.mlp.up_proj,28.5625,0,0
model.language_model.layers.5.mlp.down_proj,24.671875,0,0
model.language_model.layers.6.input_layernorm,22.96875,0,0
model.language_model.layers.6.self_attn.q_proj,25.375,0,0
model.language_model.layers.6.self_attn.k_proj,12.5546875,0,0
model.language_model.layers.6.self_attn.v_proj,5.6796875,0,0
model.language_model.layers.6.self_attn.o_proj,4.1171875,0,0
model.language_model.layers.6.post_attention_layernorm,147.0,0,0
model.language_model.layers.6.mlp.gate_proj,19.453125,0,0
model.language_model.layers.6.mlp.act_fn,13.3203125,0,0
model.language_model.layers.6.mlp.up_proj,34.34375,0,0
model.language_model.layers.6.mlp.down_proj,21.15625,0,0
model.language_model.layers.7.input_layernorm,22.625,0,0
model.language_model.layers.7.self_attn.q_proj,22.40625,0,0
model.language_model.layers.7.self_attn.k_proj,13.4609375,0,0
model.language_model.layers.7.self_attn.v_proj,5.5546875,0,0
model.language_model.layers.7.self_attn.o_proj,6.671875,0,0
model.language_model.layers.7.post_attention_layernorm,113.3125,0,0
model.language_model.layers.7.mlp.gate_proj,17.875,0,0
model.language_model.layers.7.mlp.act_fn,11.6484375,0,0
model.language_model.layers.7.mlp.up_proj,21.484375,0,0
model.language_model.layers.7.mlp.down_proj,26.265625,0,0
model.language_model.layers.8.input_layernorm,23.328125,0,0
model.language_model.layers.8.self_attn.q_proj,22.671875,0,0
model.language_model.layers.8.self_attn.k_proj,14.9140625,0,0
model.language_model.layers.8.self_attn.v_proj,5.859375,0,0
model.language_model.layers.8.self_attn.o_proj,6.97265625,0,0
model.language_model.layers.8.post_attention_layernorm,96.75,0,0
model.language_model.layers.8.mlp.gate_proj,19.234375,0,0
model.language_model.layers.8.mlp.act_fn,12.6171875,0,0
model.language_model.layers.8.mlp.up_proj,31.046875,0,0
model.language_model.layers.8.mlp.down_proj,12.4375,0,0
model.language_model.layers.9.input_layernorm,23.421875,0,0
model.language_model.layers.9.self_attn.q_proj,23.09375,0,0
model.language_model.layers.9.self_attn.k_proj,13.75,0,0
model.language_model.layers.9.self_attn.v_proj,5.7265625,0,0
model.language_model.layers.9.self_attn.o_proj,4.8359375,0,0
model.language_model.layers.9.post_attention_layernorm,80.4375,0,0
model.language_model.layers.9.mlp.gate_proj,18.515625,0,0
model.language_model.layers.9.mlp.act_fn,13.890625,0,0
model.language_model.layers.9.mlp.up_proj,21.765625,0,0
model.language_model.layers.9.mlp.down_proj,36.1875,0,0
model.language_model.layers.10.input_layernorm,27.5,0,0
model.language_model.layers.10.self_attn.q_proj,19.078125,0,0
model.language_model.layers.10.self_attn.k_proj,13.8828125,0,0
model.language_model.layers.10.self_attn.v_proj,6.71875,0,0
model.language_model.layers.10.self_attn.o_proj,8.8984375,0,0
model.language_model.layers.10.post_attention_layernorm,63.59375,0,0
model.language_model.layers.10.mlp.gate_proj,13.5859375,0,0
model.language_model.layers.10.mlp.act_fn,11.90625,0,0
model.language_model.layers.10.mlp.up_proj,17.03125,0,0
model.language_model.layers.10.mlp.down_proj,28.28125,0,0
model.language_model.layers.11.input_layernorm,30.5625,0,0
model.language_model.layers.11.self_attn.q_proj,27.1875,0,0
model.language_model.layers.11.self_attn.k_proj,14.5625,0,0
model.language_model.layers.11.self_attn.v_proj,6.91796875,0,0
model.language_model.layers.11.self_attn.o_proj,13.2421875,0,0
model.language_model.layers.11.post_attention_layernorm,28.578125,0,0
model.language_model.layers.11.mlp.gate_proj,12.765625,0,0
model.language_model.layers.11.mlp.act_fn,12.765625,0,0
model.language_model.layers.11.mlp.up_proj,11.6328125,0,0
model.language_model.layers.11.mlp.down_proj,23.78125,0,0
model.language_model.layers.12.input_layernorm,29.96875,0,0
model.language_model.layers.12.self_attn.q_proj,21.90625,0,0
model.language_model.layers.12.self_attn.k_proj,15.7578125,0,0
model.language_model.layers.12.self_attn.v_proj,6.87109375,0,0
model.language_model.layers.12.self_attn.o_proj,23.078125,0,0
model.language_model.layers.12.post_attention_layernorm,28.578125,0,0
model.language_model.layers.12.mlp.gate_proj,14.40625,0,0
model.language_model.layers.12.mlp.act_fn,13.0078125,0,0
model.language_model.layers.12.mlp.up_proj,15.2265625,0,0
model.language_model.layers.12.mlp.down_proj,28.96875,0,0
model.language_model.layers.13.input_layernorm,30.28125,0,0
model.language_model.layers.13.self_attn.q_proj,21.90625,0,0
model.language_model.layers.13.self_attn.k_proj,13.0546875,0,0
model.language_model.layers.13.self_attn.v_proj,6.9375,0,0
model.language_model.layers.13.self_attn.o_proj,11.765625,0,0
model.language_model.layers.13.post_attention_layernorm,18.109375,0,0
model.language_model.layers.13.mlp.gate_proj,11.6484375,0,0
model.language_model.layers.13.mlp.act_fn,11.6484375,0,0
model.language_model.layers.13.mlp.up_proj,10.2109375,0,0
model.language_model.layers.13.mlp.down_proj,22.234375,0,0
model.language_model.layers.14.input_layernorm,28.09375,0,0
model.language_model.layers.14.self_attn.q_proj,25.171875,0,0
model.language_model.layers.14.self_attn.k_proj,15.015625,0,0
model.language_model.layers.14.self_attn.v_proj,6.48828125,0,0
model.language_model.layers.14.self_attn.o_proj,18.421875,0,0
model.language_model.layers.14.post_attention_layernorm,19.453125,0,0
model.language_model.layers.14.mlp.gate_proj,11.6953125,0,0
model.language_model.layers.14.mlp.act_fn,11.6953125,0,0
model.language_model.layers.14.mlp.up_proj,7.90625,0,0
model.language_model.layers.14.mlp.down_proj,19.375,0,0
model.language_model.layers.15.input_layernorm,27.9375,0,0
model.language_model.layers.15.self_attn.q_proj,23.875,0,0
model.language_model.layers.15.self_attn.k_proj,12.5234375,0,0
model.language_model.layers.15.self_attn.v_proj,7.796875,0,0
model.language_model.layers.15.self_attn.o_proj,16.375,0,0
model.language_model.layers.15.post_attention_layernorm,15.0,0,0
model.language_model.layers.15.mlp.gate_proj,12.4140625,0,0
model.language_model.layers.15.mlp.act_fn,12.4140625,0,0
model.language_model.layers.15.mlp.up_proj,8.765625,0,0
model.language_model.layers.15.mlp.down_proj,23.078125,0,0
model.language_model.layers.16.input_layernorm,30.9375,0,0
model.language_model.layers.16.self_attn.q_proj,18.640625,0,0
model.language_model.layers.16.self_attn.k_proj,13.8203125,0,0
model.language_model.layers.16.self_attn.v_proj,6.57421875,0,0
model.language_model.layers.16.self_attn.o_proj,20.703125,0,0
model.language_model.layers.16.post_attention_layernorm,18.296875,0,0
model.language_model.layers.16.mlp.gate_proj,11.21875,0,0
model.language_model.layers.16.mlp.act_fn,11.21875,0,0
model.language_model.layers.16.mlp.up_proj,7.73046875,0,0
model.language_model.layers.16.mlp.down_proj,33.4375,0,0
model.language_model.layers.17.input_layernorm,34.3125,0,0
model.language_model.layers.17.self_attn.q_proj,22.734375,0,0
model.language_model.layers.17.self_attn.k_proj,14.71875,0,0
model.language_model.layers.17.self_attn.v_proj,7.20703125,0,0
model.language_model.layers.17.self_attn.o_proj,31.703125,0,0
model.language_model.layers.17.post_attention_layernorm,16.8125,0,0
model.language_model.layers.17.mlp.gate_proj,12.5859375,0,0
model.language_model.layers.17.mlp.act_fn,9.734375,0,0
model.language_model.layers.17.mlp.up_proj,9.8125,0,0
model.language_model.layers.17.mlp.down_proj,23.03125,0,0
model.language_model.layers.18.input_layernorm,25.90625,0,0
model.language_model.layers.18.self_attn.q_proj,22.9375,0,0
model.language_model.layers.18.self_attn.k_proj,34.78125,0,0
model.language_model.layers.18.self_attn.v_proj,7.7578125,0,0
model.language_model.layers.18.self_attn.o_proj,23.546875,0,0
model.language_model.layers.18.post_attention_layernorm,17.03125,0,0
model.language_model.layers.18.mlp.gate_proj,10.5859375,0,0
model.language_model.layers.18.mlp.act_fn,10.5859375,0,0
model.language_model.layers.18.mlp.up_proj,8.2734375,0,0
model.language_model.layers.18.mlp.down_proj,40.0625,0,0
model.language_model.layers.19.input_layernorm,33.59375,0,0
model.language_model.layers.19.self_attn.q_proj,33.6875,0,0
model.language_model.layers.19.self_attn.k_proj,24.203125,0,0
model.language_model.layers.19.self_attn.v_proj,7.6328125,0,0
model.language_model.layers.19.self_attn.o_proj,40.0625,0,0
model.language_model.layers.19.post_attention_layernorm,16.53125,0,0
model.language_model.layers.19.mlp.gate_proj,13.984375,0,0
model.language_model.layers.19.mlp.act_fn,9.4375,0,0
model.language_model.layers.19.mlp.up_proj,7.94921875,0,0
model.language_model.layers.19.mlp.down_proj,31.578125,0,0
model.language_model.layers.20.input_layernorm,40.96875,0,0
model.language_model.layers.20.self_attn.q_proj,23.03125,0,0
model.language_model.layers.20.self_attn.k_proj,26.359375,0,0
model.language_model.layers.20.self_attn.v_proj,10.9296875,0,0
model.language_model.layers.20.self_attn.o_proj,25.40625,0,0
model.language_model.layers.20.post_attention_layernorm,17.59375,0,0
model.language_model.layers.20.mlp.gate_proj,9.875,0,0
model.language_model.layers.20.mlp.act_fn,9.875,0,0
model.language_model.layers.20.mlp.up_proj,9.7734375,0,0
model.language_model.layers.20.mlp.down_proj,33.1875,0,0
model.language_model.layers.21.input_layernorm,37.75,0,0
model.language_model.layers.21.self_attn.q_proj,22.65625,0,0
model.language_model.layers.21.self_attn.k_proj,21.203125,0,0
model.language_model.layers.21.self_attn.v_proj,6.93359375,0,0
model.language_model.layers.21.self_attn.o_proj,35.6875,0,0
model.language_model.layers.21.post_attention_layernorm,18.328125,0,0
model.language_model.layers.21.mlp.gate_proj,11.4921875,0,0
model.language_model.layers.21.mlp.act_fn,11.4921875,0,0
model.language_model.layers.21.mlp.up_proj,8.3203125,0,0
model.language_model.layers.21.mlp.down_proj,36.0,0,0
model.language_model.layers.22.input_layernorm,43.09375,0,0
model.language_model.layers.22.self_attn.q_proj,23.5625,0,0
model.language_model.layers.22.self_attn.k_proj,16.59375,0,0
model.language_model.layers.22.self_attn.v_proj,8.0390625,0,0
model.language_model.layers.22.self_attn.o_proj,31.9375,0,0
model.language_model.layers.22.post_attention_layernorm,17.859375,0,0
model.language_model.layers.22.mlp.gate_proj,10.1875,0,0
model.language_model.layers.22.mlp.act_fn,10.1875,0,0
model.language_model.layers.22.mlp.up_proj,7.953125,0,0
model.language_model.layers.22.mlp.down_proj,28.671875,0,0
model.language_model.layers.23.input_layernorm,32.375,0,0
model.language_model.layers.23.self_attn.q_proj,18.75,0,0
model.language_model.layers.23.self_attn.k_proj,16.8125,0,0
model.language_model.layers.23.self_attn.v_proj,6.6875,0,0
model.language_model.layers.23.self_attn.o_proj,19.234375,0,0
model.language_model.layers.23.post_attention_layernorm,16.5,0,0
model.language_model.layers.23.mlp.gate_proj,13.1875,0,0
model.language_model.layers.23.mlp.act_fn,13.1875,0,0
model.language_model.layers.23.mlp.up_proj,9.2578125,0,0
model.language_model.layers.23.mlp.down_proj,32.03125,0,0
model.language_model.layers.24.input_layernorm,29.84375,0,0
model.language_model.layers.24.self_attn.q_proj,29.59375,0,0
model.language_model.layers.24.self_attn.k_proj,14.71875,0,0
model.language_model.layers.24.self_attn.v_proj,6.9921875,0,0
model.language_model.layers.24.self_attn.o_proj,31.890625,0,0
model.language_model.layers.24.post_attention_layernorm,16.515625,0,0
model.language_model.layers.24.mlp.gate_proj,12.7421875,0,0
model.language_model.layers.24.mlp.act_fn,12.7421875,0,0
model.language_model.layers.24.mlp.up_proj,9.5859375,0,0
model.language_model.layers.24.mlp.down_proj,27.984375,0,0
model.language_model.layers.25.input_layernorm,35.65625,0,0
model.language_model.layers.25.self_attn.q_proj,25.0625,0,0
model.language_model.layers.25.self_attn.k_proj,13.1875,0,0
model.language_model.layers.25.self_attn.v_proj,7.6171875,0,0
model.language_model.layers.25.self_attn.o_proj,23.390625,0,0
model.language_model.layers.25.post_attention_layernorm,18.71875,0,0
model.language_model.layers.25.mlp.gate_proj,19.421875,0,0
model.language_model.layers.25.mlp.act_fn,19.421875,0,0
model.language_model.layers.25.mlp.up_proj,7.8984375,0,0
model.language_model.layers.25.mlp.down_proj,31.96875,0,0
model.language_model.layers.26.input_layernorm,29.4375,0,0
model.language_model.layers.26.self_attn.q_proj,23.921875,0,0
model.language_model.layers.26.self_attn.k_proj,13.3203125,0,0
model.language_model.layers.26.self_attn.v_proj,8.140625,0,0
model.language_model.layers.26.self_attn.o_proj,35.0625,0,0
model.language_model.layers.26.post_attention_layernorm,19.625,0,0
model.language_model.layers.26.mlp.gate_proj,11.0,0,0
model.language_model.layers.26.mlp.act_fn,11.0,0,0
model.language_model.layers.26.mlp.up_proj,8.203125,0,0
model.language_model.layers.26.mlp.down_proj,44.21875,0,0
model.language_model.layers.27.input_layernorm,41.25,0,0
model.language_model.layers.27.self_attn.q_proj,79.1875,0,0
model.language_model.layers.27.self_attn.k_proj,44.0625,0,0
model.language_model.layers.27.self_attn.v_proj,8.6484375,0,0
model.language_model.layers.27.self_attn.o_proj,52.9375,0,0
model.language_model.layers.27.post_attention_layernorm,22.375,0,0
model.language_model.layers.27.mlp.gate_proj,18.5,0,0
model.language_model.layers.27.mlp.act_fn,18.5,0,0
model.language_model.layers.27.mlp.up_proj,10.7578125,0,0
model.language_model.layers.27.mlp.down_proj,44.59375,0,0
model.language_model.layers.28.input_layernorm,32.09375,0,0
model.language_model.layers.28.self_attn.q_proj,26.296875,0,0
model.language_model.layers.28.self_attn.k_proj,17.84375,0,0
model.language_model.layers.28.self_attn.v_proj,7.6328125,0,0
model.language_model.layers.28.self_attn.o_proj,41.3125,0,0
model.language_model.layers.28.post_attention_layernorm,27.171875,0,0
model.language_model.layers.28.mlp.gate_proj,29.53125,0,0
model.language_model.layers.28.mlp.act_fn,29.53125,0,0
model.language_model.layers.28.mlp.up_proj,9.671875,0,0
model.language_model.layers.28.mlp.down_proj,45.34375,0,0
model.language_model.layers.29.input_layernorm,33.25,0,0
model.language_model.layers.29.self_attn.q_proj,17.5625,0,0
model.language_model.layers.29.self_attn.k_proj,28.75,0,0
model.language_model.layers.29.self_attn.v_proj,8.0078125,0,0
model.language_model.layers.29.self_attn.o_proj,28.3125,0,0
model.language_model.layers.29.post_attention_layernorm,32.28125,0,0
model.language_model.layers.29.mlp.gate_proj,30.859375,0,0
model.language_model.layers.29.mlp.act_fn,30.859375,0,0
model.language_model.layers.29.mlp.up_proj,28.03125,0,0
model.language_model.layers.29.mlp.down_proj,72.125,0,0
model.language_model.layers.30.input_layernorm,39.78125,0,0
model.language_model.layers.30.self_attn.q_proj,25.5625,0,0
model.language_model.layers.30.self_attn.k_proj,11.5234375,0,0
model.language_model.layers.30.self_attn.v_proj,11.6640625,0,0
model.language_model.layers.30.self_attn.o_proj,27.8125,0,0
model.language_model.layers.30.post_attention_layernorm,83.8125,0,0
model.language_model.layers.30.mlp.gate_proj,62.59375,0,0
model.language_model.layers.30.mlp.act_fn,62.59375,0,0
model.language_model.layers.30.mlp.up_proj,50.09375,0,0
model.language_model.layers.30.mlp.down_proj,4420.0,0,0
model.language_model.layers.31.input_layernorm,41.46875,0,0
model.language_model.layers.31.self_attn.q_proj,23.90625,0,0
model.language_model.layers.31.self_attn.k_proj,15.4296875,0,0
model.language_model.layers.31.self_attn.v_proj,13.2734375,0,0
model.language_model.layers.31.self_attn.o_proj,61.90625,0,0
model.language_model.layers.31.post_attention_layernorm,32.78125,0,0
model.language_model.layers.31.mlp.gate_proj,18.234375,0,0
model.language_model.layers.31.mlp.act_fn,18.234375,0,0
model.language_model.layers.31.mlp.up_proj,16.96875,0,0
model.language_model.layers.31.mlp.down_proj,128.75,0,0
model.language_model.layers.32.input_layernorm,45.1875,0,0
model.language_model.layers.32.self_attn.q_proj,18.984375,0,0
model.language_model.layers.32.self_attn.k_proj,15.265625,0,0
model.language_model.layers.32.self_attn.v_proj,23.328125,0,0
model.language_model.layers.32.self_attn.o_proj,36.90625,0,0
model.language_model.layers.32.post_attention_layernorm,36.3125,0,0
model.language_model.layers.32.mlp.gate_proj,23.671875,0,0
model.language_model.layers.32.mlp.act_fn,23.671875,0,0
model.language_model.layers.32.mlp.up_proj,18.609375,0,0
model.language_model.layers.32.mlp.down_proj,73.9375,0,0
model.language_model.layers.33.input_layernorm,51.65625,0,0
model.language_model.layers.33.self_attn.q_proj,18.609375,0,0
model.language_model.layers.33.self_attn.k_proj,12.6796875,0,0
model.language_model.layers.33.self_attn.v_proj,31.09375,0,0
model.language_model.layers.33.self_attn.o_proj,63.8125,0,0
model.language_model.layers.33.post_attention_layernorm,40.90625,0,0
model.language_model.layers.33.mlp.gate_proj,25.359375,0,0
model.language_model.layers.33.mlp.act_fn,25.359375,0,0
model.language_model.layers.33.mlp.up_proj,21.765625,0,0
model.language_model.layers.33.mlp.down_proj,80.75,0,0
model.language_model.layers.34.input_layernorm,41.875,0,0
model.language_model.layers.34.self_attn.q_proj,19.0625,0,0
model.language_model.layers.34.self_attn.k_proj,16.875,0,0
model.language_model.layers.34.self_attn.v_proj,13.828125,0,0
model.language_model.layers.34.self_attn.o_proj,57.90625,0,0
model.language_model.layers.34.post_attention_layernorm,51.875,0,0
model.language_model.layers.34.mlp.gate_proj,19.453125,0,0
model.language_model.layers.34.mlp.act_fn,19.453125,0,0
model.language_model.layers.34.mlp.up_proj,54.96875,0,0
model.language_model.layers.34.mlp.down_proj,248.25,0,0
model.language_model.layers.35.input_layernorm,46.375,0,0
model.language_model.layers.35.self_attn.q_proj,18.046875,0,0
model.language_model.layers.35.self_attn.k_proj,18.046875,0,0
model.language_model.layers.35.self_attn.v_proj,14.1328125,0,0
model.language_model.layers.35.self_attn.o_proj,76.875,0,0
model.language_model.layers.35.post_attention_layernorm,77.5625,0,0
model.language_model.layers.35.mlp.gate_proj,58.6875,0,0
model.language_model.layers.35.mlp.act_fn,58.6875,0,0
model.language_model.layers.35.mlp.up_proj,79.3125,0,0
model.language_model.layers.35.mlp.down_proj,3382.0,0,0
model.language_model.norm,222.625,0,0
lm_head,36.0,0,0
